Buisness,Education,Entertainment,Politics,Sports,technlogy 
rise,making,beauty,news,champion,engineering
market,children,singing,kashmir,cheers,labs
largest,paper,poster,change,games,updated
money,team,pari,lives,football,company
gold,books,star,help,final,workshop
founder,learning,rock,urge,many,data
deal,academicsnamo,support,committee,national,nokia
billion,grade,flyin,action,heroisl,metro
customer,science,varunsays,attend,olympic,doubt
entrepreneur,google,ayeshatakia,report,practice,lightning
uber,focus,stunning,efforts,hockey,healthcare
business,problem,beautiful,swachh,badminton,netflix
perfect,student,legend,train,playing,growing
lost,write,khan,mission,teamindia,emerging
meeting,schools,story,minister,match,great
google,session,song,odisha,chelsea,beginners
founders,university,album,northeast,salute,anti
launches,thinking,fabulous,water,test,published
entrepreneurs,free,response,sabha,kohli,interested
opportunity,simple,teaser,etdefence,batting,computers
marketing,study,track,village,moment,evolution
global,development,piku,speech,wins,product
growth,students,release,country,respect,journal
digital,course,superman,health,club,banks
mahindra,kids,kind,chief,cricket,scale
successful,future,begumjaan,kerala,player,robots
nitaambani,school,gorgeous,spoke,england,screen
mindtree,teacher,launch,farmers,ball,accenture
leader,english,grand,assam,missed,apps
piece,debate,padmantrailer,community,indian,networks
million,class,music,dpradhanbjp,virat,blockchain
twitter,history,episode,media,pakistan,services
facebook,conference,byomkeshpawrbo,north,season,enterprise
lead,parents,pammi,clean,finals,scientists
startup,research,trending,leadership,medal,online
snapdeal,read,aapka,cabinet,paji,samsung
apple,learn,promo,finance,players,sharma
mukeshambani,idea,namaskar,railways,game,machines
amazon,fact,mumbai,poor,luck,clouds
startups,education,biggest,life,arsenal,technology
,teach,fans,benefits,performance,scientist
,eltindia,singh,stone,fantastic,card
,teaching,selfie,ambedkar,dhoni,needed
,brilliant,stars,police,mate,knowledge
,teachers,interview,soon,runs,applications
,,official,decision,played,chrome
,,movie,statement,league,policy
,,house,ensure,interesting,fastest
,,trailer,inauguration,australia,chat
,,hero,level,excited,maker
,,films,bharat,score,engineer
,,director,members,breaking,tools
,,ekjechhiloraja,shri,champions,iphone
,,releasing,delhi,training,instagram
,,shooting,karnataka,play,japan
,,concert,defence,pune,download
,,actor,rally,series,internet
,,batman,nation,sindhu,email
,,voice,ministers,fifa,network
,,watching,budget,bowling,nasscom
,,comedy,union,champ,xiaomi
,,drishtikone,workers,saina,advanced
,,show,empowering,goal,boost
,,shot,programme,wicket,website
,,superhero,election,sports,developing
,,photo,people,captain,manufacturing
,,sing,indias,india,code
,,kapoor,affairs,catch,smart
,,audience,energy,paaji,browser
,,title,reforms,proud,cars
,,presenting,addressed,,trends
,,film,strongly,,silicon
,,meri,year,,computer
,,bollywood,schemes,,message
,,review,manipur,,link
,,karan,gujarat,,bitcoin
,,views,rajasthan,,create
,,baat,congress,,bloggers
,,enjoyed,justice,,sector
,,listening,democracy,,watch
,,cover,president,,digitalindia
,,tune,public,,infosys
,,dance,party,,infographic
,,shoot,economy,,genome
,,,corruption,,podcast
,,,modi,,microsoft
,,,yojana,,cloud
,,,economic,,minds
,,,guru,,uber
,,,mudra,,ideas
,,,movement,,analysis
,,,campaign,,display
,,,press,,quantum
,,,army,,video
,,,chaired,,solution
,,,function,,blogging
,,,leaders,,software
,,,council,,windows
,,,narendra,,channel
,,,newindia,,scientific
,,,political,,biotech
,,,vice,,breakthrough
,,,villages,,startups
,,,rural,,smartphones
,,,pradhan,,automation
,,,nmapp,,innovators
,,,haryana,,tech
,,,punjab,,technologies
,,,modis,,heading
,,,power,,machine
,,,railway,,device
,,,bengal,,computing
,,,speaking,,tesla
,,,governor,,intel
,,,demonetisation,,application
,,,govt,,developed
,,,mantri,,wordpress
,,,namo,,cameras
,,,farmer,,zomato
,,,bill,,update
,,,indi,,linkedin
,,,mannkibaat,,recognition
,,,maharashtra,,bigdata
,,,arunachal,,prediction
,,,financial,,algorithm
,,,food,,risk
,,,citizens,,security
,,,states,,cyber
,,,freedom,,phone
,,,government,,devices
,,,issues,,artificial
,,,delighted,,ipad
,,,held,,ipod
,,,ministry,,amazon
,,,parliament,,machinelearning
,,,prime,,gmail
,,,progress,,nvidia
,,,,,facebook
,,,,,analytics
,,,,,oneplus
,,,,,digital
,,,,,datascience
,,,,,algorithms
,,,,,electronics
,,,,,websites
,,,,,python
,,,,,mobile
,,,,,icymi
,,,,,tensorflow
,,,,,startup
,,,,,whatsapp
,,,,,apple
,,,,,android
,,,,,program
,,,,,honor
,,,,,google
,,,,,youtube
,,,,,smartphone
,,,,,systems
